Nom;Numéro du stationnement;Etat;Type d'accès;Type de parking;Surveillé;Gratuit;Adresse;Code postal;Commune;Situé en ouvrage;Recharge VAE;Soumis à abonnement;Capacité;Places ou abonnements disponibles;Géolocalisation;placesmap
Nefs;62;Disponible;Accès libre;Individuel;Non;Oui;72 Boulevard de la Prairie au Duc;44000;Nantes;Hors ouvrage;Non;Non;4;1;47.20418, -1.564803;1
Babinière collectif accès libre;77;Disponible;Accès libre;Collectif;Non;Oui;Avenue de la Babinière;44240;La-Chapelle-sur-Erdre;Hors ouvrage;Non;Non;24;0;47.259218, -1.545645;0
Parking Gare Sud 3 Bis;170;Abo. complets;Accès contrôlé;Collectif;Oui;Non;38 Rue du Pré Gauchet;44000;Nantes;En ouvrage;Oui;Oui;95;0;47.2146729, -1.5393637;0
Les Faulx;32;Disponible;Accès libre;Individuel;Non;Oui;29 Rue de la Maillardière;44840;Les Sorinières;Hors ouvrage;Non;Non;2;0;47.1571703, -1.5231018;0
Orvault - Grand Val;15;Disponible;Accès libre;Individuel;Non;Oui;Boulevard Mendès France;44700;Orvault;Hors ouvrage;Non;Non;10;5;47.261892, -1.592018;5
Moulin Boisseau;106;Disponible;Accès libre;Individuel;Non;Oui;Boulevard de l'Epinay;44470;Carquefou;Hors ouvrage;Non;Non;4;2;47.28819154511197, -1.4839470394841319;2
Piano'cktail;162;Disponible;Accès libre;Individuel;Non;Oui;Rue Ginsheim Gustavsburg;44340;Bouguenais;Hors ouvrage;Non;Non;4;3;47.174558, -1.606085;3
Porte de Rezé collectif accès contrôlé;161;Disponible;Accès contrôlé;Collectif;Non;Oui;Rond-Point des Grand'Vignes;44400;Rezé;Hors ouvrage;Non;Oui;12;8;47.157113, -1.541321;8
Croix Bonneau;69;Disponible;Accès libre;Individuel;Non;Oui;117, rue de la Convention;44000;Nantes;Hors ouvrage;Non;Non;4;0;47.209739, -1.59598;0
Parking Feydeau;154;Abo. complets;Accès contrôlé;Collectif;Oui;Non;Rue Léon Maître;44000;Nantes;En ouvrage;Oui;Oui;26;0;47.214163, -1.552939;0
Pont du Cens;8;Disponible;Accès libre;Individuel;Non;Oui;21 Route de Rennes;44000;Nantes;Hors ouvrage;Non;Non;4;3;47.2487689, -1.5771387;3
Vertou P+R collectif accès contrôlé;132;Disponible;Accès contrôlé;Collectif;Non;Oui;Boulevard Auguste Priou;44120;Vertou;En ouvrage;Oui;Oui;48;0;47.180198, -1.505053;0
La Cochère;59;Disponible;Accès libre;Individuel;Non;Oui;Arrêt de bus la Cochère, ligne E8;44640;Le Pellerin;Hors ouvrage;Non;Non;6;6;47.200427, -1.778159;6
Gare Maritime collectif accès contrôlé;159;Disponible;Accès contrôlé;Collectif;Non;Oui;Quai Ernest Renaud;44100;Nantes;Hors ouvrage;Non;Oui;48;0;47.206234, -1.573063;0
Calvaire;31;Disponible;Accès libre;Individuel;Non;Oui;50 Rue des Papillons;44840;Les Sorinières;Hors ouvrage;Non;Non;4;3;47.148327, -1.522173;3
Egalité;68;Disponible;Accès libre;Individuel;Non;Oui;6 Boulevard Léon Jouhaux;44000;Nantes;Hors ouvrage;Non;Non;8;5;47.209643, -1.58893;5
Ranzay collectif accès contrôlé;78;Disponible;Accès contrôlé;Collectif;Non;Oui;Rue du Port Durand;44000;Nantes;Hors ouvrage;Non;Oui;24;14;47.252973, -1.530159;14
3 Moulins;92;Disponible;Accès libre;Individuel;Non;Oui;Rue Aristide Briand;44400;Rezé;Hors ouvrage;Non;Non;8;3;47.178202, -1.544143;3
Guilbaudière;192;Disponible;Accès libre;Individuel;Non;Oui;Rue du Zambèze;44800;Saint-Herblain;Hors ouvrage;Non;Non;5;3;47.242956, -1.620462;3
Recteur Schmitt;75;Disponible;Accès libre;Individuel;Non;Oui;34 Rue de la Bourgeonnière;44000;Nantes;Hors ouvrage;Non;Non;10;3;47.2520006, -1.5525188;3
Rivière;24;Disponible;Accès libre;Individuel;Non;Oui;156 Rue du Grignon;44115;Basse-Goulaine;Hors ouvrage;Non;Non;2;1;47.215352, -1.475607;1
Polytech';129;Disponible;Accès libre;Individuel;Non;Oui;Boulevard des Européens;44000;Nantes;Hors ouvrage;Non;Non;2;1;47.280903, -1.513956;1
La Herdrie Lycée;187;Disponible;Accès libre;Individuel;Non;Oui;Rue de la Basse-Lande;44115;Basse-Goulaine;Hors ouvrage;Non;Non;4;4;47.197869, -1.452554;4
Hangar à Bananes;60;Disponible;Accès libre;Individuel;Non;Oui;Boulevard des Antilles;44000;Nantes;Hors ouvrage;Non;Non;11;9;47.199869, -1.572735;9
Zola;70;Disponible;Accès libre;Individuel;Non;Oui;Place Emile Zola;44000;Nantes;Hors ouvrage;Non;Non;10;1;47.213982, -1.58632;1
Parking Decré / Bouffay;153;Disponible;Accès contrôlé;Collectif;Oui;Non;18 Rue du Moulin;44000;Nantes;En ouvrage;Oui;Oui;91;0;47.216696, -1.554224;0
Parking Gare Sud 4;143;Abo. complets;Accès contrôlé;Collectif;Oui;Non;Rue Marcel Paul;44000;Nantes;En ouvrage;Non;Oui;50;0;47.215075, -1.537814;0
Gare de Basse-Indre - Saint-Herblain collectif accès contrôlé;190;Disponible;Accès contrôlé;Collectif;Non;Oui;Rue de la Gare;44610;Basse-Indre;Hors ouvrage;Non;Oui;48;41;47.204364, -1.660198;41
Parking Foch Cathédrale;152;Disponible;Accès contrôlé;Collectif;Oui;Non;7 rue-straed Tournefort;44000;Nantes;En ouvrage;Non;Oui;52;0;47.221186, -1.551634;0
Parking Gare Nord Château n-1;139;Abo. complets;Accès contrôlé;Collectif;Oui;Non;27 Boulevard de Stalingrad;44000;Nantes;En ouvrage;Oui;Oui;87;0;47.217223, -1.543971;0
Chantrerie collectif accès libre;109;Disponible;Accès libre;Collectif;Non;Oui;Route de Gachet;44000;Nantes;Hors ouvrage;Non;Non;12;9;47.281958, -1.517335;9
François Mitterrand;166;Disponible;Accès libre;Individuel;Non;Oui;Boulevard Salvador Allende;44800;Saint-Herblain;Hors ouvrage;Non;Non;22;17;47.221983, -1.639506;17
Gare de Vertou Nord;212;Disponible;Accès libre;Individuel;Non;Oui;Rue du Laurier Fleuri;44120;Vertou;Hors ouvrage;Non;Non;6;6;47.18636, -1.477989;6
Abel Durand;176;Disponible;Accès libre;Individuel;Non;Oui;Rond-Point Abel Durand;44162;Saint-Herblain;Hors ouvrage;Non;Non;4;1;47.221063, -1.602291;1
Parking Commerce;145;Disponible;Accès contrôlé;Collectif;Oui;Non;Allée Brancas;44000;Nantes;En ouvrage;Oui;Oui;280;0;47.213344, -1.557214;0
République;81;Disponible;Accès libre;Individuel;Non;Oui;Place de la République;44000;Nantes;Hors ouvrage;Non;Non;3;2;47.205515, -1.554297;2
Gilarderie;40;Disponible;Accès libre;Individuel;Non;Oui;124 Rue de la Gilarderie / Rue des Bourdonnières;44000;Nantes;Hors ouvrage;Non;Non;4;0;47.187937, -1.520856;0
Gare de Chantenay;193;Disponible;Accès libre;Individuel;Non;Oui;Boulevard Maréchal Juin / Rue de la Gare de Chantenay;44100;Nantes;Hors ouvrage;Non;Non;2;1;47.197436, -1.5943175;1
Parc de la Sèvre;28;Disponible;Accès libre;Individuel;Non;Oui;Boulevard Guichet Sérex;44120;Vertou;Hors ouvrage;Non;Non;6;4;47.164873, -1.480565;4
Aire du Clouet;214;Disponible;Accès libre;Individuel;Non;Oui;2, rue du Clouet;44470;Carquefou;Hors ouvrage;Non;Non;2;2;47.309431, -1.481579;2
Bourdonnières Lycée;39;Disponible;Accès libre;Individuel;Non;Oui;61 Rue des Bourdonnières;44000;Nantes;Hors ouvrage;Non;Non;2;1;47.186739, -1.521421;1
Haluchère collectif accès contrôlé;169;Disponible;Accès contrôlé;Collectif;Non;Oui;Rue de la Petite Baratte;44000;Nantes;Hors ouvrage;Non;Oui;48;5;47.249909, -1.523305;5
Doumer;164;Disponible;Accès libre;Individuel;Non;Oui;Place Doumer;44036;Nantes;Hors ouvrage;Oui;Non;6;3;47.222184, -1.578839;3
Parking Les Nefs;206;Disponible;Accès contrôlé;Collectif;Oui;Non;Boulevard de l'Estuaire;44200;Nantes;En ouvrage;Oui;Oui;36;0;47.203765, -1.562995;0
La Herdrie;178;Disponible;Accès libre;Individuel;Non;Oui;Route du Loroux Bottereau;44115;Basse-Goulaine;Hors ouvrage;Non;Non;4;3;47.197732, -1.454021;3
Parking Descartes;134;Abo. complets;Accès contrôlé;Collectif;Non;Non;Rue Descartes;44000;Nantes;En ouvrage;Oui;Oui;30;0;47.217219, -1.564061;0
Quai des Antilles;61;Disponible;Accès libre;Individuel;Non;Oui;Boulevard des Antilles;44000;Nantes;Hors ouvrage;Non;Non;4;1;47.203872, -1.569737;1
Chabossière;174;Disponible;Accès libre;Individuel;Non;Oui;45 Boulevard de la Libération / D17;44220;Couëron;Hors ouvrage;Non;Non;2;2;47.215396, -1.682487;2
Neustrie P+R collectif accès contrôlé;133;Disponible;Accès contrôlé;Collectif;Non;Oui;Rue de la Neustrie;44340;Bouguenais;En ouvrage;Oui;Oui;50;0;47.176636, -1.593535;0
Basse-Goulaine;197;Disponible;Accès libre;Individuel;Non;Oui;Rue de la Champagnère;44115;Basse-Goulaine;Hors ouvrage;Non;Non;2;0;47.210811, -1.464726;0
Gare de Couëron collectif accès libre;131;Disponible;Accès libre;Collectif;Non;Oui;Rue de la Gare;44220;Couëron;Hors ouvrage;Non;Non;20;9;47.221826, -1.723504;9
Bignon;6;Disponible;Accès libre;Individuel;Non;Oui;47 Rue des Verts Prés;44700;Orvault;Hors ouvrage;Non;Non;10;9;47.248985, -1.597849;9
Michelet;73;Disponible;Accès libre;Individuel;Non;Oui;41 Boulevard Michelet;44000;Nantes;Hors ouvrage;Non;Non;2;1;47.234622, -1.5567575;1
La Houssinière;167;Disponible;Accès libre;Individuel;Non;Oui;2 Chemin de la Houssinère;44300;Nantes;Hors ouvrage;Non;Non;2;0;47.2397174, -1.5552567;0
Les Anges;18;Disponible;Accès libre;Individuel;Non;Oui;Chemin Chapelle des Anges;44700;Orvault;Hors ouvrage;Non;Non;2;2;47.274943, -1.636941;2
Champ de Foire;57;Disponible;Accès libre;Individuel;Non;Oui;23 D85 / Route du Champ de Foire;44860;Saint-Aignan-de-Grandlieu;Hors ouvrage;Non;Non;4;0;47.124614, -1.618567;0
Ranzay collectif accès libre;113;Disponible;Accès libre;Collectif;Non;Oui;Rue du Port Durand;44000;Nantes;Hors ouvrage;Non;Non;24;16;47.253026, -1.5303023;16
Espace Diderot;95;Disponible;Accès libre;Individuel;Non;Oui;Avenue de la Vendée;44400;Rezé;Hors ouvrage;Non;Non;10;6;47.184522, -1.562854;6
Parking Graslin;149;Abo. complets;Accès contrôlé;Collectif;Oui;Non;Rue du Chapeau Rouge;44000;Nantes;En ouvrage;Oui;Oui;27;0;47.214549, -1.562451;0
Gare de Chantenay / Maréchal Juin;65;Disponible;Accès libre;Individuel;Non;Oui;Boulevard Maréchal Juin;44000;Nantes;Hors ouvrage;Non;Non;8;6;47.1977531, -1.594356;6
Gare de Mauves;105;Disponible;Accès libre;Individuel;Non;Oui;2 Place de la Gare;44470;Mauves-sur-Loire;Hors ouvrage;Non;Non;10;7;47.293016, -1.389664;7
Jaguère;195;Disponible;Accès libre;Individuel;Non;Oui;Rue de l'Aérodrome;44400;Rezé;Hors ouvrage;Non;Non;2;1;47.175618, -1.567823;1
Saint-Joseph de Porterie;111;Disponible;Accès libre;Individuel;Non;Oui;20 Allée de l'Embellie;44000;Nantes;Hors ouvrage;Non;Non;3;3;47.267703, -1.516575;3
Collège de Goulaine;157;Disponible;Accès libre;Individuel;Non;Oui;Rue du Général Leclerc;44115;Basse-Goulaine;Hors ouvrage;Non;Non;6;2;47.217448, -1.461992;2
Paquelais;5;Disponible;Accès libre;Individuel;Non;Oui;Avenue de la Morlière;44700;Orvault;Hors ouvrage;Non;Non;9;8;47.247758, -1.602795;8
Chantrerie collectif accès contrôlé;110;Disponible;Accès contrôlé;Collectif;Non;Oui;Route de Gachet;44000;Nantes;Hors ouvrage;Non;Oui;34;30;47.281887, -1.517258;30
Babinière collectif accès contrôlé;76;Disponible;Accès contrôlé;Collectif;Non;Oui;Avenue de la Babinière;44240;La-Chapelle-sur-Erdre;Hors ouvrage;Non;Oui;24;0;47.259204, -1.545681;0
Mairie d'Indre;124;Disponible;Accès libre;Individuel;Non;Oui;Rue de l'Allier;44610;Indre;Hors ouvrage;Non;Non;2;1;47.200358, -1.668252;1
Chateaubriand / Foch;107;Disponible;Accès libre;Individuel;Non;Oui;Rue François René de Chateaubriand;44470;Carquefou;Hors ouvrage;Non;Non;4;4;47.3040137, -1.4852344;4
La Carrée;196;Disponible;Accès libre;Individuel;Non;Oui;Rue Charles Rivière;44400;Rezé;Hors ouvrage;Non;Non;2;0;47.168756, -1.5429;0
Chapeau Verni;36;Disponible;Accès libre;Individuel;Non;Oui;181 Route de Clisson;44230;Saint-Sébastien-sur-Loire;Hors ouvrage;Non;Non;4;2;47.18956, -1.510905;2
Souillarderie;118;Disponible;Accès libre;Individuel;Non;Oui;Route de Sainte-Luce;44000;Nantes;Hors ouvrage;Non;Non;4;0;47.237941, -1.516161;0
Bout des Pavés Alberto Giacometti;9;Disponible;Accès libre;Individuel;Non;Oui;2 Rue Alberto Giacometti;44700;Orvault;Hors ouvrage;Non;Non;6;3;47.253152, -1.576516;3
Hermeland;1;Disponible;Accès libre;Individuel;Non;Oui;Esplanade des quatre Vents;44800;Saint-Herblain;Hors ouvrage;Non;Non;4;4;47.230509, -1.616998;4
Vieux Cimetière;108;Disponible;Accès libre;Individuel;Non;Oui;Rue notre dame la Blanche;44470;Carquefou;Hors ouvrage;Non;Non;2;1;47.29651, -1.490854;1
Keren;79;Disponible;Accès libre;Individuel;Non;Oui;Rue de Keren;44000;Nantes;Hors ouvrage;Non;Non;4;0;47.244879, -1.532985;0
Allende;49;Disponible;Accès libre;Individuel;Non;Oui;2 Rue Eugène Pottier;44340;Bouguenais;Hors ouvrage;Non;Non;4;2;47.175382, -1.623851;2
Gare Routière de Vertou;26;Disponible;Accès libre;Individuel;Non;Oui;2 Rue de l'Hôpital;44120;Vertou;Hors ouvrage;Non;Non;4;4;47.168895, -1.471205;4
Mairie de Couëron;46;Disponible;Accès libre;Individuel;Non;Oui;Place Charles De Gaulle;44220;Couëron;Hors ouvrage;Non;Non;4;0;47.212045, -1.726961;0
René Cassin;13;Disponible;Accès libre;Individuel;Non;Oui;1 Boulevard René Cassin;44000;Nantes;Hors ouvrage;Non;Non;10;2;47.264132, -1.575248;2
Grande Lande;203;Disponible;Accès libre;Individuel;Non;Oui;Rue Pierre Mendès France;44230;Saint-Sébastien;Hors ouvrage;Non;Non;2;1;47.191566, -1.496278;1
Mairie de Doulon;122;Disponible;Accès libre;Individuel;Non;Oui;Boulevard Louis Millet;44000;Nantes;Hors ouvrage;Non;Non;6;2;47.226877, -1.519437;2
La Fabrique;186;Disponible;Accès libre;Individuel;Non;Oui;Rue Jean Marc Nattier;44100;Nantes;Hors ouvrage;Non;Non;2;1;47.225197, -1.591323;1
Grignon;101;Disponible;Accès libre;Individuel;Non;Oui;Rue du Grignon;44115;Basse-Goulaine;Hors ouvrage;Non;Non;6;1;47.216425, -1.4665954;1
Pressoir;66;Disponible;Accès libre;Individuel;Non;Oui;Rue du pressoir;44860;Saint Aignan de Grand Lieu;Hors ouvrage;Non;Non;2;0;47.123209, -1.635094;0
Rond-Point de Paris;119;Disponible;Accès libre;Individuel;Non;Oui;Place de la Marrière;44000;Nantes;Hors ouvrage;Non;Non;6;0;47.234172, -1.532859;0
Ville au Denis;127;Disponible;Accès libre;Individuel;Non;Oui;Chemin de la Blanche;44340;Bouguenais;Hors ouvrage;Non;Non;2;0;47.1631, -1.62768;0
Viarme / Talensac;71;Disponible;Accès libre;Individuel;Non;Oui;Place Viarme;44000;Nantes;Hors ouvrage;Non;Non;2;0;47.221532, -1.563019;0
Landreau;121;Disponible;Accès libre;Individuel;Non;Oui;18 Rue du Moulin Neuf;44000;Nantes;Hors ouvrage;Non;Non;4;2;47.231936, -1.51557;2
Estuaire;216;Disponible;Accès libre;Individuel;Non;Oui;Boulevard batonnier Cholet;44100;Nantes;Hors ouvrage;Non;Non;4;0;47.202554, -1.614766;0
8 Mai collectif accès libre;91;Disponible;Accès libre;Collectif;Non;Oui;Place du Huit Mai;44400;Rezé;Hors ouvrage;Non;Non;20;0;47.189279, -1.551902;0
Chassay;200;Disponible;Accès libre;Individuel;Non;Oui;Rue de la Loire / rue de Saintonge;44980;Sainte-Luce-sur-Loire;Hors ouvrage;Non;Non;4;4;47.245545, -1.484615;4
Porte de Vertou;34;Disponible;Accès libre;Individuel;Non;Oui;Boulevard Auguste Priou;44120;Vertou;Hors ouvrage;Non;Non;4;3;47.180811, -1.5052531;3
Haluchère Batignolles collectif accès contrôlé;114;Disponible;Accès contrôlé;Collectif;Non;Oui;12 Rue du Ranzay;44000;Nantes;Hors ouvrage;Non;Oui;44;4;47.248477, -1.52255;4
Pirmil collectif accès contrôlé;87;Disponible;Accès contrôlé;Collectif;Non;Oui;24 Rue Esnoult des Châtelets;44000;Nantes;Hors ouvrage;Oui;Oui;40;1;47.196412, -1.54272;1
Prés;54;Disponible;Accès libre;Individuel;Non;Oui;4 Rue des Prés;44830;Brains;Hors ouvrage;Non;Non;4;2;47.1694, -1.722961;2
Ecole Jacques Prévert;215;Disponible;Accès libre;Individuel;Non;Oui;4 rue Victor Hugo;44470;Carquefou;Hors ouvrage;Non;Non;2;2;47.282119, -1.484675;2
Parking Gare Sud 2 - Viséo 5B;189;Abo. complets;Accès contrôlé;Collectif;Oui;Non;Boulevard de Berlin;44000;Nantes;En ouvrage;Oui;Oui;55;0;47.216837, -1.53626;0
Boulevard de Doulon;123;Disponible;Accès libre;Individuel;Non;Oui;Boulevard de Doulon;44000;Nantes;Hors ouvrage;Non;Non;6;2;47.224048, -1.519943;2
Gare de Basse-Indre - Saint-Herblain;45;Disponible;Accès libre;Individuel;Non;Oui;Gare de Basse-Indre;44610;Basse-Indre;Hors ouvrage;Non;Non;5;4;47.204339, -1.660414;4
Conservatoire;86;Disponible;Accès libre;Individuel;Non;Oui;Rue Gaëtan Rondeau;44000;Nantes;Hors ouvrage;Non;Non;5;2;47.206687, -1.533081;2
Bout des Pavés Chauvinière;10;Disponible;Accès libre;Individuel;Non;Oui;42 Boulevard de la Chauvinière;44000;Nantes;Hors ouvrage;Non;Non;6;2;47.2532109, -1.5756496;2
Cheverny;202;Disponible;Accès libre;Individuel;Non;Oui;Route de Vannes;44800;Saint-Herblain;Hors ouvrage;Non;Non;2;0;47.246526, -1.604994;0
Lycée Appert;182;Disponible;Accès libre;Individuel;Non;Oui;Avenue Claude Antoine Peccot;44700;Orvault;Hors ouvrage;Non;Non;8;8;47.252275, -1.611313;8
Durantière Piscine;21;Disponible;Accès libre;Individuel;Non;Oui;15 rue de la Durantière;44000;Nantes;Hors ouvrage;Non;Non;10;5;47.2131104, -1.5987292;5
Marcel Paul P+R collectif accès libre;3;Disponible;Accès libre;Collectif;Non;Oui;73 Boulevard Marcel Paul;44800;Saint-Herblain;Hors ouvrage;Non;Non;12;6;47.2456566, -1.61754;6
Croix de Mauves;130;Disponible;Accès libre;Individuel;Non;Oui;Parking de la Croix;44470;Mauves-sur-Loire;Hors ouvrage;Non;Non;4;4;47.300453, -1.398012;4
Couëron - Océan;47;Disponible;Accès libre;Individuel;Non;Oui;Boulevard de l'Océan;44220;Couëron;Hors ouvrage;Non;Non;2;0;47.213505, -1.739216;0
Planchonnais;102;Disponible;Accès libre;Individuel;Non;Oui;20 Rue de la Planchonnais;44980;Sainte-Luce-sur-Loire;Hors ouvrage;Non;Non;4;3;47.253386, -1.474976;3
Croix Jeannette;168;Disponible;Accès libre;Individuel;Non;Oui;Place de la Croix Jeannette;44340;Bouguenais;Hors ouvrage;Non;Non;6;4;47.172325, -1.621795;4
Sillon de Bretagne;4;Disponible;Accès libre;Individuel;Non;Oui;Avenue de l'Angevinière;44800;Saint-Herblain;Hors ouvrage;Non;Non;6;6;47.245383, -1.608513;6
Vincent Auriol;185;Disponible;Accès libre;Individuel;Non;Oui;Place Vincent Auriol;44100;Nantes;Hors ouvrage;Non;Non;2;1;47.222112, -1.591774;1
La Ferme;48;Disponible;Accès libre;Individuel;Non;Oui;12 Rue de la Ferme;44880;Sautron;Hors ouvrage;Non;Non;4;3;47.264158, -1.679388;3
Dervallières;175;Disponible;Accès libre;Individuel;Non;Oui;175 boulevard du Massacre;44000;Nantes;Hors ouvrage;Non;Non;4;0;47.229083, -1.597613;0
Ragon;93;Disponible;Accès libre;Individuel;Non;Oui;Rue Ernest Sauvestre;44400;Rezé;Hors ouvrage;Non;Non;6;4;47.1653469, -1.542526;4
Cyclostation;207;Disponible;Accès libre;Collectif;Non;Oui;27 boulevard Stalingrad;44000;Nantes;Hors ouvrage;Non;Non;692;0;47.21733895881617, -1.5433879120973242;0
Trocardière;96;Disponible;Accès libre;Individuel;Non;Oui;2187 Avenue Léon Blum;44400;Rezé;Hors ouvrage;Non;Non;10;9;47.1833451, -1.5702806;9
Haut Moulin;126;Disponible;Accès libre;Individuel;Non;Oui;14 D751A / Rue de Nantes;44710;Saint-Léger-les-Vignes;Hors ouvrage;Non;Non;2;1;47.136659, -1.727156;1
Grande Ouche;97;Disponible;Accès libre;Individuel;Non;Oui;Impasse de la Boisselée;44340;Bouguenais;Hors ouvrage;Non;Non;8;5;47.181532, -1.579609;5
Gare de Bouaye collectif accès contrôlé;56;Disponible;Accès contrôlé;Collectif;Non;Oui;Allée Louis Armand;44830;Bouaye;Hors ouvrage;Oui;Oui;34;0;47.138209, -1.681361;0
Challonge;25;Disponible;Accès libre;Individuel;Non;Oui;2 Rue de Tasmanie;44115;Basse-Goulaine;Hors ouvrage;Non;Non;2;1;47.189664, -1.4717319;1
Gare de Pont Rousseau;89;Disponible;Accès libre;Individuel;Non;Oui;Rue de la Gare;44400;Rezé;Hors ouvrage;Non;Non;12;3;47.19251, -1.54865;3
Gare de Pont Rousseau collectif accès contrôlé;90;Disponible;Accès contrôlé;Collectif;Non;Oui;Rue de la Gare;44400;Rezé;Hors ouvrage;Non;Oui;14;9;47.192573, -1.548752;9
Gare de Thouaré collectif accès contrôlé;104;Disponible;Accès contrôlé;Collectif;Non;Oui;Rue des Ponts;44470;Thouaré-sur-Loire;Hors ouvrage;Non;Oui;12;0;47.2652088, -1.4406095;0
Combattants d'Indochine;80;Disponible;Accès libre;Individuel;Non;Oui;Rond-Point des Combattants d'Indochine;44000;Nantes;Hors ouvrage;Non;Non;4;0;47.24232053065611, -1.5342755659599217;0
Coutancière;17;Disponible;Accès libre;Individuel;Non;Oui;Rue de l'Aven;44240;La-Chapelle-sur-Erdre;Hors ouvrage;Non;Non;6;6;47.306122, -1.560034;6
5 Chemins;180;Disponible;Accès libre;Individuel;Non;Oui;Giratoire des 5 Chemins;44470;Carquefou;Hors ouvrage;Non;Non;4;1;47.304853, -1.503821;1
Parking Les Machines;144;Disponible;Accès contrôlé;Collectif;Oui;Non;42 Rue de la Tour d'Auvergne;44000;Nantes;En ouvrage;Non;Oui;64;0;47.205761, -1.562694;0
Clos Toreau;42;Disponible;Accès libre;Individuel;Non;Oui;31 Boulevard Emile Gabory;44000;Nantes;Hors ouvrage;Non;Non;8;2;47.1941123, -1.5286407;2
Bas de Chantenay;213;Disponible;Accès libre;Individuel;Non;Oui;Boulevard de Chantenay;44100;Nantes;Hors ouvrage;Non;Non;4;3;47.196082, -1.590955;3
Chat qui Guette;51;Disponible;Accès libre;Individuel;Non;Oui;6 Rue du Chat qui Guette;44640;Saint-Jean-de-Boiseau;Hors ouvrage;Non;Non;2;0;47.191877, -1.697278;0
Rouet;30;Disponible;Accès libre;Individuel;Non;Oui;31 Rue des Papillons;44840;Les Sorinières;Hors ouvrage;Non;Non;8;5;47.146719, -1.518884;5
Beauséjour;7;Disponible;Accès libre;Individuel;Non;Oui;Rue du Chêne Vert;44800;Saint-Herblain;Hors ouvrage;Non;Non;4;2;47.238591, -1.587565;2
La Montagne;50;Disponible;Accès libre;Individuel;Non;Oui;Rue de la Courante / RD58;44620;La Montagne;Hors ouvrage;Non;Non;4;0;47.188411, -1.68922;0
Bac de Loire;125;Disponible;Accès libre;Individuel;Non;Oui;Cale du Bac;44610;Indre;Hors ouvrage;Non;Non;4;2;47.197741, -1.673784;2
Parking Talensac;151;Abo. complets;Accès contrôlé;Collectif;Oui;Non;9 Rue Le Nôtre;44000;Nantes;En ouvrage;Oui;Oui;43;0;47.219819, -1.557586;0
Mairie de Chantenay;67;Disponible;Accès libre;Individuel;Non;Oui;Place de la Liberté;44000;Nantes;Hors ouvrage;Non;Non;6;1;47.206174, -1.588583;1
Bourdonnières;38;Disponible;Accès libre;Individuel;Non;Oui;54 rue des Bourdonnières;44000;Nantes;Hors ouvrage;Non;Non;4;2;47.186675, -1.521838;2
Carrière Misery;201;Disponible;Accès libre;Individuel;Non;Oui;Rue Joseph Cholet;44100;Nantes;Hors ouvrage;Non;Non;4;2;47.199286, -1.582959;2
Duguay Trouin Collectif Accès Contrôlé;209;Disponible;Accès contrôlé;Collectif;Non;Oui;Rue Duguay Trouin;44800;Saint-Herblain;Hors ouvrage;Non;Oui;37;0;47.224095, -1.617054;0
Prairie de Mauves;23;Disponible;Accès libre;Individuel;Non;Oui;Boulevard Prairie de Mauves;44000;Nantes;Hors ouvrage;Non;Non;6;4;47.2202305, -1.5165053;4
Beaujoire;112;Disponible;Accès libre;Individuel;Non;Oui;Boulevard de la Beaujoire;44000;Nantes;Hors ouvrage;Non;Non;14;8;47.2593811, -1.5250433;8
Parking Médiathèque;150;Disponible;Accès contrôlé;Collectif;Oui;Non;37 Quai de la Fosse;44000;Nantes;En ouvrage;Oui;Oui;81;0;47.210921, -1.561988;0
Médiathèque;128;Disponible;Accès libre;Individuel;Non;Oui;Allée du cimetière;44710;Saint-Léger-les-Vignes;Hors ouvrage;Non;Non;2;0;47.13658, -1.730855;0
Maraîchers;35;Disponible;Accès libre;Individuel;Non;Oui;Rue de la Grand' Maison;44120;Vertou;Hors ouvrage;Non;Non;4;4;47.185069, -1.5107;4
Suzanne Lenglen;199;Disponible;Accès libre;Individuel;Non;Oui;Boulevard Pierre de Coubertin;44100;Nantes;Hors ouvrage;Non;Non;4;3;47.229116, -1.588216;3
Gréneraie collectif accès libre;85;Disponible;Accès libre;Collectif;Non;Oui;1 Boulevard Emile Gabory;44000;Nantes;Hors ouvrage;Oui;Non;20;14;47.199692, -1.5331;14
Gare Maritime;63;Disponible;Accès libre;Individuel;Non;Oui;Rue Meuris;44000;Nantes;Hors ouvrage;Non;Non;6;0;47.207409, -1.5726;0
Croix Truin;52;Disponible;Accès libre;Individuel;Non;Oui;33 rue de la Croix Truin;44640;Saint Jean de Boiseau;Hors ouvrage;Non;Non;2;2;47.1914795, -1.7123438;2
Parking Gare Sud 4 Bis;171;Abo. complets;Accès contrôlé;Collectif;Oui;Non;Rue Marcel Paul;44000;Nantes;En ouvrage;Non;Oui;50;0;47.21517, -1.537742;0
Pirmil;88;Disponible;Accès libre;Individuel;Non;Oui;25 Rue Esnoult des Châtelets;44000;Nantes;Hors ouvrage;Non;Non;8;0;47.195757, -1.543398;0
Les Couëts;98;Disponible;Accès libre;Individuel;Non;Oui;4 Rue de la Chapelle;44340;Bouguenais;Hors ouvrage;Non;Non;6;6;47.181114, -1.586202;6
Parc;208;Disponible;Accès libre;Individuel;Non;Oui;Avenue des Villages;44470;Carquefou;Hors ouvrage;Non;Non;2;2;47.27288580930053, -1.4838195383215644;2
Joliverie;37;Disponible;Accès libre;Individuel;Non;Oui;130 Route de Clisson;44000;Nantes;Hors ouvrage;Non;Non;6;6;47.189455, -1.517273;6
Parking Commerce - Vélos Cargos;146;Disponible;Accès contrôlé;Collectif;Oui;Non;Allée Brancas;44000;Nantes;En ouvrage;Oui;Oui;25;0;47.213442, -1.557275;0
Le Cardo;14;Disponible;Accès libre;Individuel;Non;Oui;1 Esplanade du Cardo;44700;Orvault;Hors ouvrage;Non;Non;3;3;47.262166, -1.584261;3
Gare de Chantenay / Maréchal Juin bis;217;Disponible;Accès libre;Individuel;Non;Oui;Boulveard Maréchal Juin;44000;Nantes;Hors ouvrage;Non;Non;2;0;47.19773, -1.59486;0
Saint Jean de Boiseau;205;Disponible;Accès libre;Individuel;Non;Oui;Place de la Liberté;44640;Saint Jean de Boiseau;Hors ouvrage;Non;Non;4;0;47.196159, -1.724778;0
Parking Gare Nord Château n+1;138;Abo. complets;Accès contrôlé;Collectif;Oui;Non;27 Boulevard de Stalingrad;44000;Nantes;En ouvrage;Non;Oui;200;0;47.217165, -1.543912;0
Gare Maritime collectif accès libre;160;Disponible;Accès libre;Collectif;Non;Oui;Quai Ernest Renaud;44100;Nantes;Hors ouvrage;Non;Non;48;40;47.206212, -1.573004;40
Château d'Aux;211;Disponible;Accès libre;Individuel;Non;Oui;51 Route de Bouguenais;44620;La Montagne;Hors ouvrage;Non;Non;2;2;47.185062328755635, -1.674415994348237;2
Neruda;43;Disponible;Accès libre;Individuel;Non;Oui;Boulevard Salvador Allende;44800;Saint-Herblain;Hors ouvrage;Non;Non;6;1;47.21791, -1.614245;1
Marcel Paul P+R collectif accès contrôlé;2;Disponible;Accès contrôlé;Collectif;Non;Oui;73 Boulevard Marcel Paul;44800;Saint-Herblain;Hors ouvrage;Oui;Oui;23;16;47.24572, -1.61763;16
Mairie des Sorinières;33;Disponible;Accès libre;Individuel;Non;Oui;49 Rue Georges Clémenceau;44840;Les Sorinières;Hors ouvrage;Non;Non;10;7;47.148581, -1.531167;7
Parking Feydeau Bis;172;Abo. complets;Accès contrôlé;Collectif;Oui;Non;Rue Léon Maître;44000;Nantes;En ouvrage;Oui;Oui;20;0;47.21398, -1.552783;0
Piscine de Vertou;27;Disponible;Accès libre;Individuel;Non;Oui;10 Rue Sèvre et Maine;44120;Vertou;Hors ouvrage;Non;Non;4;4;47.164769, -1.46934;4
Gare de Bouaye collectif accès libre;55;Disponible;Accès libre;Collectif;Non;Oui;Allée Louis Armand;44830;Bouaye;Hors ouvrage;Non;Non;12;0;47.138201, -1.681279;0
Aire du Landas;210;Disponible;Accès libre;Individuel;Non;Oui;Rue du Landas;44640;Saint-Jean-de-Boiseau;Hors ouvrage;Non;Non;2;1;47.185059, -1.723106;1
Mairie d'Orvault;19;Disponible;Accès libre;Individuel;Non;Oui;Place de l'Eglise;44700;Orvault;Hors ouvrage;Non;Non;4;4;47.270978, -1.623617;4
Parking Bretagne;147;Disponible;Accès contrôlé;Collectif;Oui;Non;Place de Bretagne;44000;Nantes;En ouvrage;Oui;Oui;85;0;47.218009, -1.558361;0
Gare de Couëron collectif accès contrôlé;64;Disponible;Accès contrôlé;Collectif;Non;Oui;Rue de la Gare;44220;Couëron;Hors ouvrage;Non;Oui;48;1;47.221787, -1.723542;1
Minais;103;Disponible;Accès libre;Individuel;Non;Oui;93 Route de Thouaré;44980;Sainte-Luce-sur-Loire;Hors ouvrage;Non;Non;4;2;47.256989, -1.466408;2
Vieux Doulon;120;Disponible;Accès libre;Individuel;Non;Oui;Place du Vieux Doulon;44000;Nantes;Hors ouvrage;Non;Non;4;3;47.235523, -1.503996;3
Les Sorinières;177;Disponible;Accès libre;Individuel;Non;Oui;Route de l'Orcerie;44840;Les Sorinières;Hors ouvrage;Non;Non;4;4;47.1590737, -1.5177793;4
Parking Gare de Basse-Indre - Saint-Herblain collectif accès libre;194;Disponible;Accès libre;Collectif;Non;Oui;Rue de la Gare;44610;Basse-Indre;Hors ouvrage;Non;Non;20;12;47.204258, -1.660196;12
Gréneraie collectif accès contrôlé;84;Disponible;Accès contrôlé;Collectif;Non;Oui;1 Boulevard Emile Gabory;44000;Nantes;Hors ouvrage;Oui;Oui;20;16;47.199749, -1.533157;16
Port Chassé;53;Disponible;Accès libre;Individuel;Non;Oui;Place du Champ de Foire;44640;Le Pellerin;Hors ouvrage;Non;Non;6;1;47.201658, -1.759226;1
La Courneuve;198;Disponible;Accès libre;Individuel;Non;Oui;Boulevard de Saint Georges;44840;Les Sorinières;Hors ouvrage;Non;Non;2;1;47.131731, -1.509594;1
Santos Dumont;12;Disponible;Accès libre;Individuel;Non;Oui;83 Rue des Renards;44000;Nantes;Hors ouvrage;Non;Non;12;3;47.2591112, -1.5683596;3
Point du jour;99;Disponible;Accès libre;Individuel;Non;Oui;Rue des Cyprès;44470;Thouaré-sur-Loire;Hors ouvrage;Non;Non;2;0;47.264919, -1.442235;0
Marrière;204;Disponible;Accès libre;Individuel;Non;Oui;106 Rue du Croissant;44000;Nantes;Hors ouvrage;Non;Non;4;0;47.23758, -1.525192;0
Bois Saint-Lys;181;Disponible;Accès libre;Individuel;Non;Oui;Mail des Gauteries;44470;Carquefou;Hors ouvrage;Non;Non;2;1;47.300333, -1.481918;1
La Croix;29;Disponible;Accès libre;Individuel;Non;Oui;Route des Sorinières;44120;Vertou;Hors ouvrage;Non;Non;4;4;47.165431, -1.486262;4
Saint-Félix;72;Disponible;Accès libre;Individuel;Non;Oui;2 Boulevard Michelet;44000;Nantes;Hors ouvrage;Non;Non;4;1;47.230997, -1.556603;1
Balinière;158;Disponible;Accès libre;Individuel;Non;Oui;Rue du Lieutenant de Monti de Rezé;44400;Rezé;Hors ouvrage;Non;Non;4;2;47.185811, -1.554631;2
Parking Gare Sud 3;142;Abo. complets;Accès contrôlé;Collectif;Oui;Non;38 Rue du Pré Gauchet;44000;Nantes;En ouvrage;Oui;Oui;95;0;47.214774, -1.539395;0
Quai Surcouf Sud;100;Disponible;Accès libre;Individuel;Non;Oui;11 Quai Surcouf;44400;Rezé;Hors ouvrage;Non;Non;3;3;47.19485, -1.577807;3
Mauvoisins;41;Disponible;Accès libre;Individuel;Non;Oui;63 Rue de la Gilarderie;44000;Nantes;Hors ouvrage;Non;Non;12;9;47.190286, -1.5252644;9
Neustrie;58;Disponible;Accès libre;Individuel;Non;Oui;7, rue de la Neustrie;44340;Bouguenais;Hors ouvrage;Non;Non;12;10;47.177799, -1.591559;10
École Centrale Audencia;74;Disponible;Accès libre;Individuel;Non;Oui;1 Rue de la Noë;44000;Nantes;Hors ouvrage;Non;Non;6;3;47.248354, -1.551342;3
Corbinerie;94;Disponible;Accès libre;Individuel;Non;Oui;123 Rue Ernest Sauvestre;44400;Rezé;Hors ouvrage;Non;Non;6;0;47.16145, -1.541913;0
Parking Cité des Congrès;148;Disponible;Accès contrôlé;Collectif;Oui;Non;Avenue Jean-Claude Bonduelle;44000;Nantes;En ouvrage;Oui;Oui;29;0;47.213503, -1.543706;0
